step,elapsed_tokens,elapsed_examples,training_loss,training_sequence_accuracy,training_token_accuracy
1,97,1,2.341338291,0,0.448717949
2,362,2,2.141686977,0,0.564516129
3,539,3,2.337916949,0,0.456790123
4,588,4,1.210839288,0,0.655172414
5,933,5,1.784196942,0,0.56402439
6,1086,6,1.887110257,0,0.61971831
7,1223,7,2.177651661,0,0.516129032
8,1360,8,2.481299152,0,0.492063492
9,1521,9,1.821247835,0,0.606896552
10,1930,10,2.261260453,0,0.486979167
11,2091,11,2.524257639,0,0.389261745
12,2524,12,1.944170523,0,0.600973236
13,2861,13,1.97268631,0,0.552715655
14,3134,14,1.831353367,0,0.556
15,3327,15,2.340874927,0,0.421348315
16,3480,16,2.123188782,0,0.553191489
17,3793,17,1.6467022,0,0.649659864
18,3874,18,2.191038509,0,0.391304348
19,4003,19,1.709930915,0,0.484848485
20,4348,20,2.192108004,0,0.492492492
21,4405,21,2.039853217,0,0.565217391
22,4502,22,1.85125899,0,0.445783133
23,4639,23,2.561513447,0,0.451612903
24,5176,24,2.071756535,0,0.545801527
25,5361,25,1.597447233,0,0.603448276
26,5514,26,2.481851907,0,0.446808511
27,5571,27,1.156986581,0,0.419354839
28,5796,28,1.714284495,0,0.425806452
29,6261,29,1.522729008,0,0.655480984
30,6358,30,2.230195094,0,0.409090909
31,6599,31,1.515061495,0,0.624413146
32,6688,32,1.672136247,0,0.564102564
33,7057,33,2.03528648,0,0.494285714
34,7098,34,2.392246994,0,0.454545455
35,7347,35,1.633048843,0,0.545023697
36,7468,36,2.471266909,0,0.52293578
37,7557,37,1.978518073,0,0.430555556
38,7590,38,1.341123232,0,0.611111111
39,7743,39,2.086060339,0,0.51048951
40,7824,40,1.744269244,0,0.5625
41,7913,41,1.989861591,0,0.506493506
42,7986,42,1.519244913,0,0.490196078
43,8243,43,1.930896036,0,0.521367521
44,8492,44,1.688828807,0,0.6069869
45,8621,45,1.894689535,0,0.50877193
46,8926,46,2.014512392,0,0.52739726
47,9007,47,1.965103664,0,0.455882353
48,9264,48,2.182904188,0,0.483471074
49,9385,49,1.494274631,0,0.594339623
50,9634,50,2.559399168,0,0.424489796
51,9675,51,2.287650958,0,0.419354839
52,9916,52,1.767392971,0,0.617021277
53,10109,53,2.038112989,0,0.473684211
54,10326,54,1.3279284,0,0.665024631
55,10703,55,1.766561297,0,0.620498615
56,10800,56,1.149517866,0,0.686046512
57,11161,57,1.544023619,0,0.602409639
58,11234,58,1.093935991,0,0.592592593
59,11387,59,1.69053697,0,0.545454545
60,11532,60,1.71229663,0,0.6
61,11797,61,1.857656663,0,0.60311284
62,12038,62,1.525712915,0,0.63876652
63,12095,63,1.676552525,0,0.531914894
64,12352,64,2.180215956,0,0.520661157
65,12441,65,2.147955508,0,0.415584416
66,12890,66,1.646300673,0,0.605568445
67,13011,67,1.547425431,0,0.56122449
68,13148,68,1.656289068,0,0.509259259
69,13373,69,2.185345035,0,0.497630332
70,13718,70,1.727028904,0,0.584415584
71,13871,71,1.726893994,0,0.563380282
72,13936,72,1.368234326,0,0.672727273
73,14025,73,1.306032943,0,0.537313433
74,14186,74,1.810611412,0,0.510638298
75,14347,75,1.968568082,0,0.535483871
76,14804,76,1.761118317,0,0.543062201
77,15045,77,1.65837219,0,0.588785047
78,15102,78,1.466141657,0,0.536585366
79,15343,79,1.928743453,0,0.533632287
80,15384,80,0.851296754,0,0.75
81,15409,81,1.03352311,0,0.5
82,15730,82,1.988099631,0,0.51465798
83,16083,83,2.186882181,0,0.488372093
84,16244,84,1.562387615,0,0.598591549
85,16325,85,1.975793355,0,0.4
86,16446,86,1.278179318,0,0.619469027
87,16631,87,1.542435062,0,0.594936709
88,16848,88,1.772941901,0,0.524509804
89,17121,89,1.666163691,0,0.631782946
90,17242,90,1.369326062,0,0.653465347
91,17387,91,1.282426484,0,0.661538462
92,17444,92,2.004248226,0,0.479166667
93,17685,93,1.23192021,0,0.669767442
94,17934,94,1.773229223,0,0.521929825
95,18039,95,1.868814764,0,0.618556701
96,18168,96,1.616902105,0,0.537815126
97,18505,97,1.545808152,0,0.597484277
98,18642,98,2.290444875,0,0.458333333
99,18787,99,1.842589246,0,0.527559055
100,18948,100,2.142870252,0,0.446808511
101,19021,101,2.625687476,0,0.357142857
102,19102,102,0.922891624,0,0.62962963
103,19303,103,1.847103547,0,0.596858639
104,19376,104,1.50844559,0,0.54
105,19449,105,1.400905018,0,0.603448276
106,19506,106,1.406397716,0,0.52173913
107,19603,107,1.60100137,0,0.551724138
108,19756,108,1.236914381,0,0.602836879
109,19829,109,1.384025058,0,0.540983607
110,19966,110,2.022151819,0,0.507692308
111,20007,111,1.550009495,0,0.548387097
112,20304,112,1.53855596,0,0.639705882
113,20481,113,2.452927363,0,0.432926829
114,20818,114,1.876510791,0,0.547400612
115,20907,115,1.92218004,0,0.506329114
116,20988,116,1.811532124,0,0.506849315
117,21141,117,1.93432428,0,0.43902439
118,21166,118,0.731733652,0,0.692307692
119,21303,119,1.786991358,0,0.584745763
120,21440,120,1.467412272,0,0.591304348
121,21553,121,1.795888013,0,0.53125
122,21634,122,1.465975311,0,0.625
123,21699,123,1.906800677,0,0.450980392
124,21764,124,1.49620537,0,0.541666667
125,21821,125,1.099315964,0,0.595238095
126,21934,126,1.458527041,0,0.532608696
127,22135,127,2.005629582,0,0.526041667
128,22304,128,1.450084917,0,0.610687023
129,22585,129,1.741364227,0,0.559701493
130,22890,130,1.713555171,0,0.605536332
131,22947,131,1.028991383,0,0.714285714
132,23044,132,1.341937863,0,0.632911392
133,23133,133,1.649867338,0,0.594594595
134,23230,134,1.335037676,0,0.635135135
135,23343,135,2.015878988,0,0.520833333
136,23608,136,1.669742935,0,0.556034483
137,23721,137,1.658753432,0,0.567307692
138,23810,138,1.54003583,0,0.470588235
139,23843,139,0.885589017,0,0.782608696
140,23964,140,1.563837504,0,0.598130841
141,24245,141,1.383289389,0,0.681818182
142,24342,142,1.307841516,0,0.56
143,24519,143,1.552357203,0,0.608695652
144,24728,144,1.750580065,0,0.529411765
145,25001,145,2.108205763,0,0.492248062
146,25058,146,1.229177604,0,0.575
147,25203,147,1.68149551,0,0.559055118
148,25316,148,1.702879892,0,0.575757576
149,25357,149,1.257389599,0,0.733333333
150,25398,150,0.821375691,0,0.782608696
151,25455,151,1.94152714,0,0.454545455
152,25656,152,1.837851399,0,0.483695652
153,25961,153,2.052109144,0,0.525951557
154,26002,154,0.656257602,0,0.727272727
155,26139,155,1.69374603,0,0.547008547
156,26324,156,1.801559553,0,0.497076023
157,26613,157,1.801712328,0,0.537313433
158,26670,158,1.35656673,0,0.605263158
159,26871,159,1.59405425,0,0.62371134
160,26960,160,1.519272296,0,0.467532468
161,27273,161,1.364677908,0,0.666666667
162,27322,162,1.705814208,0,0.463414634
163,27403,163,1.123601531,0,0.672131148
164,27604,164,1.679968613,0,0.528409091
165,27653,165,1.145390876,0,0.631578947
166,27686,166,0.148209924,0,0.857142857
167,27775,167,1.519229607,0,0.539473684
168,28192,168,1.560102403,0,0.57960199
169,28553,169,1.732079835,0,0.562682216
170,28690,170,1.242545268,0,0.598360656
171,28827,171,1.826307688,0,0.5
172,28948,172,1.141278196,0,0.546511628
173,29045,173,0.964072472,0,0.620253165
174,29414,174,1.64791564,0,0.64756447
175,29543,175,2.056257567,0,0.48245614
176,30112,176,1.642865715,0,0.580470163
177,30265,177,2.004456428,0,0.507352941
178,30306,178,0.699164545,0,0.652173913
179,30403,179,1.451407966,0,0.564102564
180,30500,180,0.893479792,0,0.744186047
181,30661,181,2.260847948,0,0.465277778
182,30742,182,1.247507992,0,0.636363636
183,30903,183,1.948678316,0,0.462068966
184,30952,184,1.028570369,0,0.59375
185,31137,185,1.99339664,0,0.479041916
186,31330,186,1.50384702,0,0.649717514
187,31531,187,1.985494036,0,0.451977401
188,31692,188,1.591622493,0,0.609589041
189,31829,189,1.447281031,0,0.63559322
190,31934,190,2.494815989,0,0.442105263
191,32087,191,0.977305425,0,0.700729927
192,32224,192,1.899207067,0,0.516129032
193,32345,193,1.921333519,0,0.556603774
194,32618,194,2.053543495,0,0.533333333
195,32771,195,1.495771402,0,0.595744681
196,32868,196,1.973604752,0,0.411764706
197,32989,197,1.464959338,0,0.484210526
198,33262,198,1.499104144,0,0.646341463
199,33575,199,2.108192935,0,0.53820598
200,33832,200,1.388778568,0,0.675213675
201,34033,201,1.752607147,0,0.602150538
202,34098,202,1.709574706,0,0.566037736
203,34235,203,1.925607517,0,0.504065041
204,34644,204,1.406092668,0,0.691326531
205,34805,205,1.988330629,0,0.555555556
206,34838,206,1.535148533,0,0.565217391
207,34903,207,1.358869207,0,0.433962264
208,35208,208,1.882098749,0,0.576388889
209,35321,209,1.077998182,0,0.606741573
210,35410,210,1.468710534,0,0.547945205
211,35587,211,2.286186283,0,0.428571429
212,35764,212,1.835249783,0,0.45
213,36397,213,1.737646987,0,0.639344262
214,36766,214,1.270671797,0,0.648809524
215,36807,215,0.584747631,0,0.75
216,36832,216,0.569177502,0,0.75
217,37025,217,1.676672554,0,0.604395604
218,37202,218,1.470248628,0,0.535483871
219,37275,219,1.506515799,0,0.530612245
220,37500,220,2.012983328,0,0.502415459
221,37597,221,0.763284337,0,0.740740741
222,37750,222,1.209518417,0,0.664285714
223,37903,223,1.34952241,0,0.611510791
224,37984,224,0.950453152,0,0.706896552
225,38145,225,2.055878353,0,0.462068966
226,38194,226,1.057159355,0,0.707317073
227,38275,227,1.909714364,0,0.411764706
228,38324,228,1.660890602,0,0.5
229,38485,229,1.406814356,0,0.573426573
230,38678,230,2.059640282,0,0.491803279
231,38751,231,1.365290831,0,0.62745098
232,38992,232,1.668520007,0,0.547619048
233,39049,233,1.83546181,0,0.413043478
234,39338,234,2.177130428,0,0.459558824
235,39427,235,1.460960577,0,0.597222222
236,39508,236,0.734397416,0,0.672413793
237,39597,237,1.007242444,0,0.666666667
238,40070,238,1.515872389,0,0.587196468
239,40111,239,1.456222798,0,0.65625
240,40224,240,1.093237654,0,0.608695652
241,40273,241,1.796987877,0,0.382352941
242,40434,242,1.373922719,0,0.586956522
243,40731,243,2.156176592,0,0.45035461
244,40900,244,1.711384128,0,0.523809524
245,40989,245,1.554051363,0,0.576923077
246,41198,246,1.752087764,0,0.56122449
247,41271,247,1.911808771,0,0.523076923
248,41424,248,1.424575453,0,0.634328358
249,41497,249,1.708308827,0,0.524590164
250,41698,250,1.343747107,0,0.664864865
251,41803,251,1.768034111,0,0.52173913
252,42084,252,1.394059044,0,0.674509804
253,42173,253,2.132563149,0,0.481012658
254,42374,254,1.665087093,0,0.551351351
255,42647,255,1.475683039,0,0.548262548
256,42936,256,1.799861419,0,0.580524345
257,43129,257,1.825289666,0,0.572222222
258,43378,258,2.156689537,0,0.487179487
259,43539,259,1.599894044,0,0.594594595
260,43740,260,1.850723436,0,0.55026455
261,43941,261,1.856348837,0,0.566137566
262,44014,262,1.767325332,0,0.457627119
263,44047,263,1.212314606,0,0.555555556
264,44264,264,2.016884911,0,0.555
265,44513,265,1.825731564,0,0.596566524
266,44602,266,0.904360867,0,0.661971831
267,44739,267,1.655314836,0,0.615384615
268,45004,268,1.942162713,0,0.508064516
269,45141,269,1.256662023,0,0.620967742
270,45350,270,1.420535866,0,0.622857143
271,45495,271,1.804170231,0,0.488549618
272,45728,272,2.536949674,0,0.407407407
273,46081,273,1.937333263,0,0.519756839
274,47290,274,1.908741495,0,0.567114094
275,47411,275,1.950979402,0,0.544642857
276,47708,276,1.640931659,0,0.613970588
277,47941,277,1.500485007,0,0.600896861
278,48014,278,1.569895272,0,0.566666667
279,48031,279,0.909067086,0,0.5
280,48088,280,1.632306955,0,0.5
281,48297,281,1.809606043,0,0.591836735
282,48354,282,1.47835339,0,0.428571429
283,48667,283,1.682052848,0,0.606060606
284,48828,284,1.681461095,0,0.532846715
285,48917,285,1.313162201,0,0.594594595
286,49486,286,1.421610348,0,0.682226212
287,49647,287,1.240710251,0,0.654411765
288,49768,288,1.513170535,0,0.607843137
289,49961,289,0.869728187,0,0.714285714
290,50074,290,2.145432793,0,0.336956522
291,50547,291,1.692837915,0,0.620390456
292,50796,292,1.922023623,0,0.472477064
293,51077,293,1.560614624,0,0.610894942
294,51654,294,1.902106859,0,0.577817531
295,51799,295,2.103213637,0,0.48
296,52008,296,1.478928934,0,0.563829787
297,52081,297,1.839845357,0,0.413793103
298,52282,298,1.582636643,0,0.565714286
299,53635,299,1.903495143,0,0.520989505
300,53884,300,1.517798052,0,0.588785047
301,54165,301,1.83069185,0,0.51984127
302,54230,302,1.573852591,0,0.530612245
303,54519,303,1.918482775,0,0.533088235
304,54640,304,1.278345037,0,0.688073394
305,54977,305,1.928314757,0,0.53271028
306,55186,306,1.559887975,0,0.609375
307,55315,307,1.490730162,0,0.556521739
308,55476,308,2.147748599,0,0.44295302
309,55709,309,2.216792247,0,0.493273543
310,55774,310,1.365701492,0,0.557692308
311,56063,311,1.778242797,0,0.534798535
312,56240,312,1.778416801,0,0.539877301
313,56713,313,1.8898083,0,0.520971302
314,56802,314,2.213660695,0,0.391891892
315,56867,315,0.904015193,0,0.714285714
316,57188,316,2.136432342,0,0.504823151
317,57365,317,1.628058169,0,0.541935484
318,57438,318,1.356170456,0,0.591836735
319,57511,319,1.93814783,0,0.442622951
320,57616,320,1.327894741,0,0.593023256
321,58353,321,1.975038736,0,0.508645533
322,58626,322,1.909225721,0,0.520491803
323,58731,323,1.602189918,0,0.588235294
324,58940,324,1.753190423,0,0.574358974
325,59149,325,2.153912953,0,0.455
326,59246,326,1.651491066,0,0.551724138
327,59567,327,1.590536059,0,0.625806452
328,59752,328,1.216570652,0,0.648484848
329,59833,329,0.908896662,0,0.683333333
330,59930,330,2.351285721,0,0.470588235
331,60107,331,1.546402841,0,0.629411765
332,60172,332,1.067771856,0,0.673469388
333,60381,333,1.93058299,0,0.48241206
334,60630,334,1.986014703,0,0.52173913
335,60799,335,1.366938749,0,0.697530864
336,61008,336,1.560739835,0,0.623115578
337,61185,337,1.81462152,0,0.535714286
338,61298,338,1.928555684,0,0.427083333
339,61587,339,1.75598537,0,0.53649635
340,61668,340,1.798045835,0,0.467741935
341,61733,341,1.309623504,0,0.591836735
342,61966,342,1.480306118,0,0.570776256
343,62111,343,1.624203945,0,0.511627907
344,62304,344,1.258249729,0,0.578313253
345,62401,345,1.974540105,0,0.421052632
346,62618,346,1.508205851,0,0.644670051
347,62771,347,1.889539073,0,0.552447552
348,62876,348,1.484958812,0,0.5
349,63053,349,1.603015262,0,0.54375
350,63278,350,2.054692816,0,0.570093458
351,63495,351,1.845842754,0,0.524752475
352,63712,352,1.603268504,0,0.565656566
353,63969,353,1.82561932,0,0.555066079
354,64146,354,1.37100676,0,0.662420382
355,64251,355,1.765349195,0,0.5
356,64436,356,1.710906061,0,0.547058824
357,64533,357,0.896378952,0,0.589285714
358,64678,358,1.274512861,0,0.65648855
359,64927,359,1.470174393,0,0.565789474
360,65360,360,2.401589085,0,0.461176471
361,65409,361,1.105664543,0,0.458333333
362,65514,362,1.917282715,0,0.450549451
363,65843,363,1.428226975,0,0.690553746
364,65980,364,2.149169187,0,0.472
365,66077,365,1.791121444,0,0.470588235
366,66174,366,2.083965734,0,0.413333333
367,66279,367,1.779260524,0,0.483870968
368,66592,368,1.999639315,0,0.52
369,67113,369,1.716066997,0,0.616161616
370,67386,370,2.018304817,0,0.494252874
371,67659,371,1.239057484,0,0.658536585
372,67692,372,0.377759244,0,0.882352941
373,67997,373,1.521667811,0,0.618705036
374,68046,374,1.108067668,0,0.631578947
375,68319,375,1.617541874,0,0.584
376,68488,376,1.542300773,0,0.553191489
377,68545,377,1.525907446,0,0.58974359
378,68786,378,1.467704457,0,0.619469027
379,68891,379,1.974549024,0,0.549450549
380,68940,380,1.349915225,0,0.567567568
381,68981,381,0.902117025,0,0.535714286
382,69390,382,1.892205419,0,0.557591623
383,69599,383,1.335180028,0,0.571428571
384,69760,384,1.890490183,0,0.416058394
385,69841,385,1.627577757,0,0.492753623
386,69922,386,1.550524395,0,0.466666667
387,69955,387,1.888939438,0,0.434782609
388,70116,388,1.356636346,0,0.626666667
389,70653,389,1.532897314,0,0.642023346
390,70782,390,1.350798524,0,0.681818182
391,71119,391,1.477951379,0,0.608832808
392,71208,392,1.742029528,0,0.534246575
393,71313,393,1.664643733,0,0.552083333
394,71394,394,1.389312942,0,0.516666667
395,71603,395,1.377698891,0,0.671794872
396,71780,396,1.232451891,0,0.606060606
397,72061,397,1.652700584,0,0.548638132
398,72334,398,1.722222669,0,0.624521073
399,72495,399,1.298389698,0,0.601351351
400,72648,400,2.164406612,0,0.464285714
401,72721,401,1.105390958,0,0.566037736
402,72978,402,1.603738734,0,0.602678571
403,73227,403,1.091521131,0,0.678217822
404,73332,404,2.096873772,0,0.408602151
405,73461,405,1.023211624,0,0.65
406,73686,406,2.239923486,0,0.443902439
407,73879,407,1.681606952,0,0.632432432
408,73960,408,1.522143902,0,0.549295775
409,74017,409,1.699787739,0,0.636363636
410,74458,410,1.959568674,0,0.5
411,74563,411,1.646257222,0,0.535714286
412,74836,412,1.841228647,0,0.553846154
413,74901,413,1.811724743,0,0.490566038
414,75198,414,1.808642851,0,0.561151079
415,75279,415,0.782489847,0,0.714285714
416,75536,416,1.570001946,0,0.588709677
417,75593,417,1.248862327,0,0.55
418,75706,418,1.465683027,0,0.528735632
419,75763,419,1.581936849,0,0.564102564
420,75860,420,1.555944157,0,0.525
421,76109,421,1.385592253,0,0.686956522
422,76374,422,1.903996013,0,0.486956522
423,76663,423,1.790076063,0,0.57400722
424,77080,424,1.75086644,0,0.624685139
425,77241,425,1.392154821,0,0.618705036
426,77410,426,1.450789508,0,0.593333333
427,77467,427,1.840386735,0,0.472222222
428,77588,428,1.374022249,0,0.50617284
429,77749,429,1.631600136,0,0.549295775
430,77926,430,1.328796123,0,0.666666667
431,78415,431,1.496377851,0,0.652452026
432,78728,432,1.238615796,0,0.690972222
433,78929,433,1.938004177,0,0.510752688
434,79274,434,2.00510463,0,0.510510511
435,79635,435,1.318205468,0,0.638554217
436,79940,436,1.744105606,0,0.590277778
437,80101,437,1.130645247,0,0.669064748
438,80142,438,1.636036882,0,0.612903226
439,80215,439,1.345801462,0,0.633333333
440,80424,440,1.600149138,0,0.617346939
441,80729,441,1.809833313,0,0.551369863
442,80866,442,2.13353711,0,0.5
443,80947,443,1.523189049,0,0.516129032
444,81076,444,1.244164067,0,0.681818182
445,81413,445,1.713568431,0,0.577981651
446,81462,446,1.412742401,0,0.5
447,81687,447,1.548418742,0,0.483870968
448,81848,448,1.393820646,0,0.598591549
449,81937,449,1.163401349,0,0.652777778
450,82082,450,1.416045772,0,0.595419847
451,82355,451,1.077697154,0,0.691056911
452,82628,452,1.903920695,0,0.512295082
453,82701,453,1.024216715,0,0.76
454,82902,454,1.660188855,0,0.543010753
455,82975,455,1.676499025,0,0.491803279
456,83192,456,1.794179009,0,0.59
457,83249,457,1.34356839,0,0.615384615
458,83562,458,1.25930765,0,0.693877551
459,83659,459,1.258429254,0,0.6125
460,83716,460,0.830742241,0,0.580645161
461,83893,461,1.947758229,0,0.5
462,84134,462,1.472954378,0,0.576190476
463,84183,463,0.94212134,0,0.684210526
464,84304,464,1.336483921,0,0.581632653
465,84385,465,1.492483521,0,0.520547945
466,84442,466,1.068953402,0,0.657894737
467,84531,467,1.769012972,0,0.556962025
468,84596,468,1.317552394,0,0.571428571
469,85005,469,1.939901863,0,0.518229167
470,85086,470,0.640512587,0,0.783333333
471,85343,471,1.524750316,0,0.625
472,85424,472,1.107749768,0,0.680555556
473,85721,473,1.328307727,0,0.694852941
474,85994,474,1.331750882,0,0.68699187
475,86131,475,1.065583764,0,0.68852459
476,86316,476,1.473082006,0,0.617647059
477,86381,477,1.0525861,0,0.641509434
478,86478,478,0.662251688,0,0.660714286
479,86655,479,1.637167887,0,0.525
480,87088,480,1.519706041,0,0.632603406
481,87369,481,1.584779439,0,0.570895522
482,87490,482,1.330536986,0,0.575471698
483,87731,483,1.283040457,0,0.657276995
484,87772,484,0.530691167,0,0.782608696
485,88013,485,1.249899006,0,0.650442478
486,88102,486,1.091631599,0,0.641791045
487,88279,487,1.708916542,0,0.5
488,88312,488,0.652457893,0,0.888888889
489,88681,489,1.849474015,0,0.502857143
490,88842,490,1.348732804,0,0.628378378
491,88995,491,1.527530737,0,0.584507042
492,89012,492,0.609034495,0,0
493,89533,493,1.574913667,0,0.644444444
494,89790,494,1.964899823,0,0.524793388
495,89839,495,0.738914857,0,0.5
496,90008,496,1.256670596,0,0.617021277
497,90169,497,1.184982842,0,0.637681159
498,90250,498,1.048355428,0,0.666666667
499,90443,499,1.490358371,0,0.626373626
500,90684,500,1.066360027,0,0.702325581
501,90837,501,1.171365706,0,0.671641791
502,90998,502,1.938718249,0,0.456375839
503,91135,503,1.501475188,0,0.578947368
504,91400,504,1.732321717,0,0.517391304
505,91433,505,0.982879862,0,0.565217391
506,91482,506,1.359818968,0,0.5625
507,91659,507,1.138666067,0,0.68707483
508,91884,508,1.955802275,0,0.521327014
509,91941,509,1.356900851,0,0.574468085
510,92086,510,1.827523242,0,0.52
511,92143,511,1.060647294,0,0.56097561
512,92224,512,0.638968348,0,0.75
513,92289,513,1.423238104,0,0.566037736
514,92466,514,1.542854619,0,0.601226994
515,92507,515,0.289760898,0,0.833333333
516,92596,516,0.361229652,0,0.869565217
517,92693,517,0.646447682,0,0.790697674
518,92830,518,1.384956306,0,0.6
519,92919,519,1.269138294,0,0.513157895
520,93192,520,1.520301927,0,0.643678161
521,93233,521,0.478637687,0,0.857142857
522,93498,522,1.720221714,0,0.552419355
523,93611,523,1.378736235,0,0.572916667
524,93924,524,1.110998641,0,0.716171617
525,94133,525,1.561187778,0,0.602040816
526,94214,526,0.66490546,0,0.722222222
527,94343,527,0.832650618,0,0.7
528,94704,528,1.528213781,0,0.620991254
529,94937,529,1.298740168,0,0.616438356
530,95090,530,1.511040498,0,0.624113475
531,95235,531,1.408954314,0,0.606299213
532,95380,532,1.276934129,0,0.653543307
533,95501,533,0.971635772,0,0.743119266
534,95574,534,1.186121908,0,0.568627451
535,95887,535,1.11175669,0,0.708333333
536,95928,536,1.120396028,0,0.5625
537,96073,537,0.86245331,0,0.746153846
538,96146,538,0.994570348,0,0.68627451
539,96435,539,1.574007297,0,0.602996255
540,97004,540,1.423191978,0,0.623869801
541,97165,541,1.775749512,0,0.55862069
542,97454,542,1.614698617,0,0.552238806
543,97575,543,1.277286104,0,0.61682243
544,97808,544,1.326996584,0,0.65470852
545,97841,545,0.739948627,0,0.777777778
546,97938,546,2.053371738,0,0.505882353
547,98131,547,1.569279287,0,0.6
548,98444,548,1.91980715,0,0.554817276
549,98549,549,1.504891929,0,0.52688172
550,98654,550,1.108028316,0,0.639534884
551,98871,551,1.326332522,0,0.659898477
552,99192,552,1.997376418,0,0.536977492
553,99265,553,1.233533917,0,0.571428571
554,99546,554,1.711654592,0,0.543650794
555,99603,555,1.173938898,0,0.615384615
556,99796,556,1.995898176,0,0.483146067
557,99973,557,1.277422871,0,0.645962733
558,100294,558,1.825792735,0,0.540716612
559,100455,559,1.535942269,0,0.510638298
560,100664,560,1.266847211,0,0.698492462
561,100937,561,1.747571794,0,0.554166667
562,101146,562,1.161813187,0,0.596273292
563,101259,563,1.469817515,0,0.585858586
564,101308,564,0.660038429,0,0.804878049
565,101469,565,1.959082558,0,0.527777778
566,101742,566,1.249092334,0,0.61003861
567,101807,567,1.238832228,0,0.604166667
568,102088,568,1.163717733,0,0.705882353
569,102249,569,1.809230928,0,0.524137931
570,102466,570,1.056524294,0,0.724137931
571,102523,571,1.537860328,0,0.413043478
572,102684,572,1.680887,0,0.481751825
573,102845,573,1.041726875,0,0.662162162
574,102902,574,1.191735111,0,0.565217391
575,102991,575,1.442694251,0,0.561643836
576,103192,576,1.607672929,0,0.587301587
577,103497,577,1.350916518,0,0.64028777
578,104066,578,1.278915607,0,0.709156194
579,104251,579,1.248691912,0,0.672413793
580,104604,580,1.808908504,0,0.541033435
581,104757,581,1.474475365,0,0.590909091
582,105230,582,1.696641721,0,0.567328918
583,105543,583,1.793394542,0,0.553333333
584,105600,584,0.850433294,0,0.619047619
585,105681,585,1.738614629,0,0.5
586,105722,586,0.50487878,0,0.75
587,106011,587,1.564464178,0,0.576642336
588,106132,588,1.563372361,0,0.633928571
589,106229,589,1.348596138,0,0.620689655
590,106390,590,1.17813299,0,0.696551724
591,106543,591,1.740825087,0,0.495934959
592,106848,592,1.530245813,0,0.640138408
593,106937,593,0.678316855,0,0.746478873
594,107394,594,1.637642743,0,0.571770335
595,107587,595,1.842954959,0,0.508196721
596,107644,596,1.382746568,0,0.636363636
597,107701,597,1.08137313,0,0.625
598,107902,598,1.390908969,0,0.6
599,108127,599,1.776448041,0,0.588785047
600,108264,600,1.411855745,0,0.527777778
601,108417,601,1.31941643,0,0.676056338
602,108594,602,1.248711567,0,0.63125
603,108691,603,1.128451867,0,0.658227848
604,109268,604,1.765929394,0,0.602862254
605,109605,605,1.771490869,0,0.557632399
606,109678,606,2.173429687,0,0.410714286
607,109783,607,1.328453687,0,0.571428571
608,109992,608,1.124005415,0,0.685714286
609,110097,609,1.724690549,0,0.549450549
610,110194,610,1.079465358,0,0.626666667
611,110419,611,2.085131518,0,0.468292683
612,110540,612,1.16492034,0,0.567901235
613,110645,613,1.727502163,0,0.527472527
614,110782,614,1.222942152,0,0.623931624
615,111039,615,1.480597463,0,0.598290598
616,111136,616,1.879809787,0,0.465909091
617,111401,617,1.657106361,0,0.622568093
618,111730,618,1.199757081,0,0.726384365
619,111995,619,1.505179946,0,0.556034483
620,112140,620,1.14849544,0,0.682170543
621,112213,621,1.514316774,0,0.569230769
622,112302,622,1.026422,0,0.689189189
623,112343,623,1.703828469,0,0.545454545
624,112536,624,1.336869595,0,0.649717514
625,112585,625,0.305018321,0,0.87804878
626,112858,626,1.428060668,0,0.658914729
627,113131,627,1.664881717,0,0.569230769
628,113236,628,1.45122947,0,0.6
629,113333,629,1.626759078,0,0.513157895
630,113590,630,1.96577438,0,0.566115702
631,113943,631,1.998695765,0,0.526162791
632,114152,632,1.749699132,0,0.537688442
633,114217,633,1.028611124,0,0.673076923
634,114242,634,0.462639122,0,0.75
635,114331,635,1.371497529,0,0.641025641
636,114356,636,0.564970947,0,0.692307692
637,114421,637,1.03761325,0,0.653061224
638,114582,638,1.737557799,0,0.561290323
639,114639,639,1.772151701,0,0.4375
640,115272,640,1.567976253,0,0.663934426
641,115385,641,1.273018368,0,0.643678161
642,115466,642,0.679954846,0,0.75862069
643,115843,643,1.498179412,0,0.650969529
644,116140,644,1.656913968,0,0.582733813
645,116301,645,1.251274682,0,0.630136986
646,116438,646,1.573902203,0,0.548387097
647,116783,647,1.484919438,0,0.618902439
648,116872,648,1.49564579,0,0.594936709
649,116905,649,0.103036488,0,0.857142857
650,117082,650,1.124565519,0,0.668789809
651,117235,651,1.938308269,0,0.492857143
652,117460,652,1.723352282,0,0.550724638
653,117541,653,1.547518673,0,0.470588235
654,117790,654,1.215240432,0,0.631578947
655,117951,655,1.748866664,0,0.575163399
656,118056,656,1.272714126,0,0.604166667
657,118201,657,1.060437639,0,0.687022901
658,118362,658,0.883979898,0,0.753521127
659,118555,659,1.08062295,0,0.626506024
660,118900,660,1.417381301,0,0.62987013
661,119029,661,1.745258065,0,0.535087719
662,119230,662,1.782508317,0,0.502824859
663,119511,663,1.375507355,0,0.638132296
664,119712,664,1.37802457,0,0.661290323
665,119801,665,1.748003297,0,0.545454545
666,120050,666,1.237158878,0,0.691304348
667,120083,667,0.170561221,1,1
668,121436,668,1.809510015,0,0.53898051
669,121693,669,1.534908008,0,0.59030837
670,121750,670,1.533256229,0,0.555555556
671,121823,671,1.001911439,0,0.606557377
672,121904,672,1.710088155,0,0.476923077
673,122001,673,0.557337322,0,0.759493671
674,122186,674,1.531725644,0,0.526315789
675,122451,675,1.571379308,0,0.616935484
676,122516,676,1.519156221,0,0.566037736
677,122933,677,1.362735479,0,0.621890547
678,123030,678,1.126719943,0,0.692307692
679,123287,679,1.391732044,0,0.625
680,123696,680,1.666393017,0,0.578534031
681,123857,681,1.475321785,0,0.569343066
682,123930,682,0.993378085,0,0.673469388
683,124115,683,1.013811136,0,0.666666667
684,124252,684,1.125221519,0,0.64516129
685,124397,685,1.382342778,0,0.653846154
686,124558,686,1.123479475,0,0.673333333
687,124807,687,1.333187342,0,0.611374408
688,124864,688,1.562553622,0,0.477272727
689,124913,689,1.053613759,0,0.621621622
690,125050,690,1.966579125,0,0.53968254
691,125211,691,2.149668933,0,0.429530201
692,125380,692,1.498557398,0,0.585034014
693,125453,693,0.881849036,0,0.641509434
694,125534,694,1.183895257,0,0.690140845
695,125583,695,0.906219613,0,0.710526316
696,125744,696,0.727650785,0,0.769230769
697,126017,697,1.538655503,0,0.592
698,126074,698,1.111604855,0,0.717391304
699,126163,699,1.91012563,0,0.459459459
700,126364,700,1.535084025,0,0.628272251
701,126437,701,1.455440062,0,0.517241379
702,126518,702,1.133056296,0,0.616666667
703,126671,703,1.039687728,0,0.685714286
704,126728,704,1.01708453,0,0.575
705,126793,705,1.557929284,0,0.588235294
706,126906,706,1.657895341,0,0.5625
707,127155,707,1.987624304,0,0.474358974
708,127308,708,1.60685276,0,0.643356643
709,127773,709,1.303973504,0,0.684563758
710,127806,710,1.507119856,0,0.565217391
711,127911,711,1.500396087,0,0.52173913
712,128048,712,1.992077127,0,0.483333333
713,128145,713,1.798031871,0,0.493333333
714,128242,714,1.457923824,0,0.470588235
715,128515,715,1.795463092,0,0.559386973
716,129004,716,1.381155931,0,0.671641791
717,129453,717,1.434036154,0,0.631090487
718,129526,718,1.445790542,0,0.491525424
719,129839,719,1.441809082,0,0.632996633
720,129992,720,2.100892771,0,0.503546099
721,130089,721,0.350277972,0,0.901234568
722,130226,722,1.591461305,0,0.585365854
723,130395,723,1.122558538,0,0.671755725
724,130532,724,1.039022673,0,0.652173913
725,130605,725,1.169798659,0,0.586206897
726,130758,726,0.785877739,0,0.794326241
727,130823,727,0.811990256,0,0.673469388
728,132032,728,1.837733588,0,0.572147651
729,132209,729,1.378652645,0,0.606451613
730,132466,730,1.255402115,0,0.688034188
731,132555,731,1.370187329,0,0.467532468
732,132668,732,1.935133887,0,0.391304348
733,133005,733,1.470325139,0,0.619496855
734,133246,734,1.704857636,0,0.556053812
735,133719,735,1.202602266,0,0.662251656
736,133776,736,0.68642204,0,0.742857143
737,134049,737,1.904918017,0,0.523255814
738,134250,738,1.544395881,0,0.560846561
739,134387,739,1.535059933,0,0.627118644
740,134468,740,0.970602907,0,0.672131148
741,134677,741,1.893109682,0,0.52
742,134830,742,0.711194957,0,0.781021898
743,135151,743,1.425729343,0,0.661290323
744,135256,744,1.360699295,0,0.670103093
745,135297,745,0.573743285,0,0.826086957
746,135418,746,1.173021408,0,0.526315789
747,135547,747,1.382931541,0,0.605042017
748,135748,748,1.713497463,0,0.572916667
749,135869,749,1.721547386,0,0.594339623
750,136606,750,1.828345878,0,0.531700288
751,136695,751,1.245444539,0,0.588235294
752,136848,752,1.664528607,0,0.601398601
753,136905,753,0.948407208,0,0.675
754,137202,754,1.490545798,0,0.628676471
755,137675,755,1.540548694,0,0.635574837
756,137708,756,0.058163766,1,1
757,137805,757,1.756794837,0,0.482352941
758,137918,758,1.630137515,0,0.489583333
759,138023,759,1.162242919,0,0.55952381
760,138112,760,1.334416977,0,0.506493506
761,138329,761,1.567051599,0,0.589108911
762,138498,762,1.064508818,0,0.74691358
763,138691,763,1.760823162,0,0.526315789
764,138972,764,1.18504095,0,0.734848485
765,139277,765,1.689138612,0,0.591695502
766,139390,766,1.365857474,0,0.586538462
767,139575,767,1.822221349,0,0.502994012
768,139616,768,1.271064247,0,0.548387097
769,139809,769,1.437503612,0,0.654054054
770,140050,770,1.409129067,0,0.621495327
771,140251,771,1.632733692,0,0.527173913
772,140276,772,0.72926545,0,0.583333333
773,140397,773,1.092819149,0,0.672566372
774,140934,774,1.897489242,0,0.576335878
775,141095,775,1.026021978,0,0.698529412
776,141288,776,0.692091047,0,0.785714286
777,141577,777,1.999944494,0,0.492647059
778,141714,778,1.607308001,0,0.556451613
779,141795,779,1.292498822,0,0.536231884
780,141916,780,1.976921324,0,0.596330275
781,142069,781,1.211284455,0,0.625899281
782,142190,782,0.960103966,0,0.662790698
783,142431,783,1.32403427,0,0.678414097
784,142528,784,1.502609961,0,0.506024096
785,142633,785,1.877803948,0,0.419354839
786,142714,786,1.306893772,0,0.533333333
787,142755,787,0.979099613,0,0.8
788,143188,788,2.26884371,0,0.496470588
789,143437,789,1.485551046,0,0.565789474
790,143486,790,0.446026051,0,0.75862069
791,143623,791,0.989431326,0,0.745762712
792,143792,792,1.019006609,0,0.693333333
793,144009,793,1.627435985,0,0.549019608
794,144162,794,0.778129376,0,0.744680851
795,144299,795,1.871002851,0,0.496
796,144476,796,2.081123544,0,0.451219512
797,144757,797,1.400940804,0,0.610894942
798,144846,798,1.393918697,0,0.594594595
799,145055,799,1.270785748,0,0.677083333
800,145208,800,1.678251949,0,0.551470588
801,145497,801,1.624653581,0,0.588447653
802,145914,802,1.532552662,0,0.670025189
803,145987,803,0.857823268,0,0.648148148
804,146108,804,1.230817467,0,0.62745098
805,146309,805,1.50183841,0,0.568181818
806,146678,806,1.164395738,0,0.68452381
807,147215,807,1.395466837,0,0.653696498
808,147264,808,0.568186772,0,0.78125
809,147497,809,2.366749592,0,0.421296296
810,147586,810,1.19699598,0,0.575342466
811,147787,811,1.16020971,0,0.702702703
812,147988,812,1.335492872,0,0.628571429
813,148101,813,1.040621618,0,0.619565217
814,148166,814,1.137780281,0,0.709090909
815,148375,815,1.52970746,0,0.588235294
816,148624,816,2.325017542,0,0.465306122
817,148689,817,0.444366664,0,0.880952381
818,148818,818,1.323143177,0,0.565656566
819,148899,819,0.5308456,0,0.75862069
820,149004,820,1.092036277,0,0.670588235
821,149093,821,1.282195983,0,0.576923077
822,149230,822,1.684679237,0,0.538461538
823,149407,823,1.535669234,0,0.601190476
824,149584,824,1.244308248,0,0.682352941
825,149833,825,1.300666098,0,0.644859813
826,149994,826,1.907654383,0,0.475177305
827,150267,827,1.273929666,0,0.66
828,150516,828,0.886843047,0,0.717821782
829,150621,829,2.181950632,0,0.484210526
830,150918,830,1.911227552,0,0.514184397
831,151103,831,1.283414953,0,0.632911392
832,151440,832,1.38873212,0,0.599369085
833,151681,833,1.141502174,0,0.719148936
834,151882,834,1.263711804,0,0.701030928
835,152131,835,1.802006454,0,0.513761468
836,152468,836,1.53949787,0,0.629392971
837,152597,837,1.596138429,0,0.578947368
838,152966,838,1.419735705,0,0.699140401
839,153183,839,1.259760551,0,0.681818182
840,153280,840,1.05419485,0,0.608108108
841,153393,841,0.884212502,0,0.696629213
842,153642,842,1.612911045,0,0.592274678
843,153851,843,1.475397266,0,0.641025641
844,154140,844,1.737440368,0,0.566176471
845,154317,845,0.61827962,0,0.836363636
846,154526,846,1.159136228,0,0.654255319
847,154583,847,1.208642642,0,0.5
848,154680,848,0.400389677,0,0.860465116
849,154969,849,1.674560949,0,0.582417582
850,155066,850,1.30752166,0,0.643678161
851,155155,851,1.701527981,0,0.5
852,155268,852,0.664220913,0,0.739130435
853,155349,853,1.237430489,0,0.625
854,155526,854,1.299123511,0,0.567741935
855,155935,855,1.197622298,0,0.714285714
856,156016,856,1.88752449,0,0.434782609
857,156137,857,1.167735517,0,0.683168317
858,156370,858,1.977188652,0,0.529147982
859,156443,859,0.858701411,0,0.721311475
860,156884,860,1.813135763,0,0.518691589
861,156981,861,1.478366698,0,0.551282051
862,157230,862,1.74203943,0,0.582608696
863,157271,863,0.56411137,0,0.772727273
864,157400,864,1.230576629,0,0.626086957
865,157649,865,1.303757929,0,0.716157205
866,157858,866,1.148430515,0,0.723076923
867,157923,867,1.066469871,0,0.666666667
868,157988,868,0.125582465,0,0.976190476
869,158149,869,1.429560747,0,0.525547445
870,158174,870,0.268809701,0,0.833333333
871,158391,871,0.886645336,0,0.753694581
872,158504,872,1.319181649,0,0.572916667
873,158705,873,0.991788086,0,0.735135135
874,158922,874,1.396815999,0,0.583333333
875,159043,875,1.020355393,0,0.672897196
876,159204,876,0.958657688,0,0.705479452
877,159333,877,1.036786728,0,0.655462185
878,159470,878,1.805119806,0,0.524193548
879,159647,879,0.361792435,0,0.878787879
880,159696,880,0.144024583,0,0.951219512
881,159769,881,1.688667551,0,0.464285714
882,159970,882,1.424536663,0,0.645833333
883,160043,883,0.820982996,0,0.673469388
884,160164,884,1.378399737,0,0.613207547
885,160237,885,1.460871469,0,0.557377049
886,160590,886,1.630605944,0,0.592705167
887,160727,887,1.247487555,0,0.649122807
888,160768,888,0.242300658,0,0.826086957
889,161025,889,1.326015348,0,0.651785714
890,161298,890,1.572722676,0,0.582375479
891,161395,891,0.197645619,0,0.930232558
892,161492,892,1.007263805,0,0.666666667
893,161805,893,1.171718389,0,0.686868687
894,161894,894,0.877799907,0,0.671052632
895,162079,895,0.937542075,0,0.727848101
896,162416,896,1.589584336,0,0.582554517
897,162497,897,0.748421572,0,0.791666667
898,162706,898,0.950672038,0,0.755208333
899,162995,899,1.404655251,0,0.597014925
900,163076,900,1.186794035,0,0.629032258
901,163613,901,1.208245418,0,0.682879377
902,163734,902,1.612854718,0,0.669724771
903,163855,903,0.808972895,0,0.684210526
904,164160,904,1.546918472,0,0.635416667
905,164305,905,0.853244184,0,0.751937984
906,164442,906,1.304361437,0,0.630769231
907,164651,907,1.340047818,0,0.673469388
908,164812,908,1.571003538,0,0.530201342
909,165445,909,1.409853962,0,0.690163934
910,165526,910,0.599626335,0,0.786885246
911,165767,911,1.161064456,0,0.672897196
912,165920,912,0.58605454,0,0.792857143
913,166049,913,1.379161115,0,0.622807018
914,166386,914,1.259831357,0,0.674121406
915,166435,915,0.211798077,0,0.965517241
916,166612,916,1.494797727,0,0.619047619
917,166885,917,1.651463456,0,0.589147287
918,167046,918,0.941971629,0,0.688405797
919,167319,919,1.709652418,0,0.540983607
920,167392,920,1.113270991,0,0.620689655
921,167569,921,1.233987048,0,0.666666667
922,167826,922,0.96657189,0,0.756410256
923,168099,923,0.889180754,0,0.739837398
924,168196,924,1.368917313,0,0.613636364
925,168445,925,0.990165461,0,0.688596491
926,168646,926,1.333808305,0,0.592391304
927,168919,927,1.287801462,0,0.681992337
928,168976,928,0.743780051,0,0.717391304
929,169033,929,0.749880683,0,0.736842105
930,169330,930,1.677229495,0,0.560283688
931,169387,931,0.789259462,0,0.743589744
932,169436,932,0.555766488,0,0.763157895
933,169725,933,1.504196628,0,0.626373626
934,169870,934,1.053458358,0,0.669291339
935,170071,935,1.221175013,0,0.616216216
936,170360,936,1.414432649,0,0.620938628
937,170537,937,1.394687888,0,0.62962963
938,170618,938,0.809438941,0,0.8125
939,170795,939,1.006506237,0,0.683229814
940,170932,940,1.167793206,0,0.648148148
941,171085,941,1.767172004,0,0.581560284
942,171342,942,1.16059713,0,0.673387097
943,171447,943,1.15983596,0,0.597826087
944,171632,944,1.029047856,0,0.718390805
945,172073,945,1.641185617,0,0.549065421
946,172354,946,0.977003127,0,0.768939394
947,172451,947,0.787092727,0,0.756410256
948,172628,948,0.954183356,0,0.770588235
949,173045,949,1.30224037,0,0.702770781
950,173222,950,0.825061921,0,0.76875
951,173287,951,0.577084099,0,0.75
952,173496,952,0.9204284,0,0.737142857
953,173593,953,1.391274121,0,0.623529412
954,173650,954,0.645487988,0,0.707317073
955,173739,955,0.905844527,0,0.720588235
956,173844,956,0.869525442,0,0.71875
957,174005,957,1.657661566,0,0.618055556
958,174198,958,1.476676472,0,0.578947368
959,174447,959,1.758101876,0,0.547008547
960,174752,960,1.518203365,0,0.615916955
961,175041,961,1.334738003,0,0.605839416
962,175274,962,2.121904033,0,0.476851852
963,175731,963,1.437146988,0,0.607655502
964,175908,964,1.323738685,0,0.650306748
965,176005,965,1.008888145,0,0.658823529
966,176158,966,0.424600736,0,0.839416058
967,176255,967,0.738666855,0,0.76
968,176672,968,1.202034237,0,0.646766169
969,176825,969,1.296503502,0,0.692307692
970,176962,970,1.178034778,0,0.685483871
971,177115,971,0.372526372,0,0.886524823
972,177276,972,0.582089146,0,0.823943662
973,177477,973,1.266024433,0,0.625
974,177630,974,0.168738937,0,0.964539007
975,177999,975,1.198055179,0,0.702005731
976,178032,976,0.332449616,0,0.888888889
977,178097,977,0.751008723,0,0.729166667
978,178322,978,1.667090734,0,0.582938389
979,178507,979,1.230813197,0,0.682352941
980,178572,980,0.44115592,0,0.836734694
981,178885,981,0.911886892,0,0.760416667
982,178934,982,0.137929376,0,0.9375
983,179503,983,1.144359774,0,0.732495512
984,179688,984,1.572079525,0,0.556886228
985,179873,985,1.227780107,0,0.614035088
986,179914,986,0.718370362,0,0.741935484
987,180051,987,0.820637738,0,0.709677419
988,180260,988,1.259536254,0,0.68877551
989,180413,989,1.205239952,0,0.613636364
990,180518,990,1.011922166,0,0.721649485
991,181055,991,1.782874696,0,0.589694656
992,181136,992,0.741354615,0,0.742424242
993,181281,993,0.757460898,0,0.763358779
994,181346,994,1.002957901,0,0.773584906
995,181539,995,1.68409506,0,0.578651685
996,181652,996,0.863196972,0,0.701149425
997,181845,997,1.220806581,0,0.664835165
998,182070,998,1.485135108,0,0.654205607
999,182143,999,0.616565067,0,0.737704918
1000,182504,1000,1.201021483,0,0.671686747
1001,182697,1001,0.840129547,0,0.710843373
1002,182946,1002,1.093987335,0,0.691588785
1003,183187,1003,0.8719862,0,0.787234043
1004,183316,1004,1.301789455,0,0.631578947
1005,183557,1005,1.039038618,0,0.751173709
1006,184030,1006,1.33528959,0,0.681127983
1007,184287,1007,1.65989796,0,0.607438017
1008,184400,1008,0.706863327,0,0.75
1009,184545,1009,0.52820461,0,0.838461538
1010,184794,1010,2.073166639,0,0.502040816
1011,184851,1011,0.839995051,0,0.571428571
1012,185164,1012,0.96257605,0,0.741496599
1013,185325,1013,1.177702445,0,0.647887324
1014,185350,1014,0.262303369,0,0.9375
1015,185543,1015,0.49233668,0,0.850649351
1016,185752,1016,1.04671677,0,0.728643216
1017,185961,1017,0.913172077,0,0.645962733
1018,186426,1018,1.109634314,0,0.724832215
1019,186539,1019,1.060798555,0,0.666666667
1020,187028,1020,1.231002989,0,0.669509595
1021,187133,1021,1.144611783,0,0.644444444
1022,187470,1022,1.243255749,0,0.646687697
1023,187495,1023,0.216750245,0,0.923076923
1024,187776,1024,1.406512622,0,0.583333333
1025,187849,1025,0.499652395,0,0.803921569
1026,188130,1026,1.148838869,0,0.712062257
1027,188371,1027,1.429962529,0,0.623318386
1028,188460,1028,0.961094666,0,0.597402597
1029,188621,1029,0.853157557,0,0.72
1030,188694,1030,0.99651389,0,0.593220339
1031,188855,1031,0.435063805,0,0.867132867
1032,189120,1032,1.511393562,0,0.552173913
1033,189161,1033,0.559857406,0,0.8125
1034,189194,1034,0.053166625,1,1
1035,189355,1035,0.327264047,0,0.898648649
1036,189700,1036,1.227464629,0,0.672077922
1037,189853,1037,1.156511934,0,0.687943262
1038,190302,1038,1.212522769,0,0.670533643
1039,190575,1039,1.455124043,0,0.608333333
1040,190792,1040,1.052758273,0,0.685279188
1041,190953,1041,1.644633859,0,0.503546099
1042,190994,1042,0.290085072,0,0.818181818
1043,191107,1043,1.234832384,0,0.677083333
1044,191188,1044,1.534601657,0,0.579710145
1045,191429,1045,1.109115054,0,0.72246696
1046,191518,1046,1.063142399,0,0.643835616
1047,191607,1047,0.141458064,0,0.956521739
1048,191704,1048,0.936032132,0,0.7
1049,191793,1049,1.071253737,0,0.702702703
1050,192106,1050,1.604756704,0,0.586666667
1051,192163,1051,1.24415542,0,0.583333333
1052,192244,1052,1.031682573,0,0.616666667
1053,192341,1053,0.439246809,0,0.785714286
1054,192390,1054,0.916328321,0,0.676470588
1055,192711,1055,1.748746818,0,0.575562701
1056,192800,1056,0.680766338,0,0.756756757
1057,192889,1057,1.392360887,0,0.61038961
1058,193058,1058,1.201497733,0,0.646258503
1059,193171,1059,1.016810902,0,0.653846154
1060,193420,1060,1.248209607,0,0.609649123
1061,193501,1061,0.919439272,0,0.647058824
1062,193670,1062,0.677865085,0,0.793333333
1063,193791,1063,0.556981417,0,0.834862385
1064,193888,1064,0.149712265,0,0.950617284
1065,193945,1065,0.478106834,0,0.895833333
1066,194066,1066,1.001338332,0,0.641509434
1067,194299,1067,1.102165826,0,0.698630137
1068,194316,1068,0.211717098,1,1
1069,194461,1069,0.663172737,0,0.854961832
1070,194598,1070,1.5530934,0,0.576
1071,194751,1071,1.432447907,0,0.593495935
1072,194952,1072,1.111352448,0,0.715053763
1073,195121,1073,0.565714944,0,0.87654321
1074,195266,1074,1.441881574,0,0.576
1075,195443,1075,1.372178859,0,0.58125
1076,195652,1076,0.921962403,0,0.707446809
1077,195773,1077,0.874504254,0,0.722772277
1078,196510,1078,1.666091176,0,0.543227666
1079,196567,1079,0.425424934,0,0.833333333
1080,196640,1080,0.614691572,0,0.714285714
1081,196713,1081,0.511825137,0,0.79245283
1082,196810,1082,0.597049061,0,0.824324324
1083,196963,1083,1.277865277,0,0.61971831
1084,197124,1084,0.800267551,0,0.742647059
1085,197413,1085,1.753166245,0,0.533088235
1086,197638,1086,1.827759302,0,0.502439024
1087,197831,1087,1.329925478,0,0.655555556
1088,197984,1088,0.952952526,0,0.683453237
1089,198257,1089,1.31073476,0,0.653846154
1090,198346,1090,1.604426817,0,0.513513514
1091,198667,1091,1.6538873,0,0.599348534
1092,198860,1092,1.145345324,0,0.718918919
1093,198981,1093,0.823529167,0,0.654320988
1094,199014,1094,0.023152247,1,1
1095,199103,1095,1.076078439,0,0.670886076
1096,199400,1096,1.104737695,0,0.709558824
1097,199593,1097,1.031497732,0,0.711864407
1098,199738,1098,1.116235338,0,0.684615385
1099,199843,1099,1.5422422,0,0.548387097
1100,199892,1100,0.455844737,0,0.833333333
1101,200181,1101,1.365950441,0,0.655430712
1102,200358,1102,1.113393888,0,0.664516129
1103,200607,1103,1.555577805,0,0.550458716
1104,200648,1104,1.300207464,0,0.666666667
1105,201017,1105,0.975710221,0,0.705357143
1106,201082,1106,1.176241264,0,0.641509434
1107,201379,1107,1.29897847,0,0.672794118
1108,201588,1108,1.422230776,0,0.592964824
1109,201917,1109,1.013678525,0,0.758957655
1110,202150,1110,1.744549237,0,0.556053812
1111,202279,1111,1.075706038,0,0.727272727
1112,202360,1112,1.277735898,0,0.602941176
1113,202569,1113,1.238274289,0,0.682051282
1114,202650,1114,0.062141175,0,0.983333333
1115,202907,1115,1.682195462,0,0.553719008
1116,203108,1116,1.23539551,0,0.696335079
1117,203221,1117,0.404464265,0,0.858695652
1118,203254,1118,0.3077648,0,0.944444444
1119,203391,1119,0.536962098,0,0.8
1120,203712,1120,1.208384671,0,0.7
1121,203753,1121,0.613421364,0,0.9
1122,203874,1122,0.674363171,0,0.697674419
1123,204235,1123,1.23704982,0,0.682215743
1124,204508,1124,1.010678329,0,0.664092664
1125,204573,1125,0.664092787,0,0.754716981
1126,204918,1126,1.30769769,0,0.62804878
1127,205007,1127,1.263932659,0,0.582278481
1128,205264,1128,1.259424592,0,0.647577093
1129,205697,1129,1.286484106,0,0.686131387
1130,205754,1130,0.467964605,0,0.825
1131,205867,1131,0.613679588,0,0.822916667
1132,205916,1132,0.643621268,0,0.837837838
1133,206013,1133,1.229008276,0,0.631578947
1134,206350,1134,1.252880188,0,0.647798742
1135,206535,1135,0.744102213,0,0.76969697
1136,206632,1136,1.001390149,0,0.67816092
1137,206745,1137,0.633496805,0,0.764044944
1138,206778,1138,0.817075194,0,0.695652174
1139,206987,1139,1.615532414,0,0.59
1140,207092,1140,1.099033586,0,0.623655914
1141,207197,1141,1.310070768,0,0.604395604
1142,207302,1142,0.972240492,0,0.666666667
1143,207343,1143,0.250030717,0,0.916666667
1144,207424,1144,0.942282081,0,0.623188406
1145,207521,1145,1.099072171,0,0.602564103
1146,207554,1146,0.283324522,0,0.913043478
1147,207691,1147,1.197259986,0,0.652542373
1148,207868,1148,0.880706844,0,0.72611465
1149,207925,1149,0.528539228,0,0.8
1150,208174,1150,1.494380768,0,0.62173913
1151,208271,1151,0.092274318,0,0.965116279
1152,208408,1152,1.223085135,0,0.653225806
1153,208609,1153,1.5037777,0,0.542372881
1154,208690,1154,0.375772013,0,0.888888889
1155,208907,1155,0.942954622,0,0.752525253
1156,208988,1156,1.051233334,0,0.630136986
1157,209261,1157,1.011891715,0,0.760162602
1158,209414,1158,1.262923927,0,0.629370629
1159,209719,1159,1.299411066,0,0.667820069
1160,209776,1160,0.739061858,0,0.70212766
1161,209857,1161,0.279540287,0,0.913793103
1162,210050,1162,1.496091832,0,0.601092896
1163,210291,1163,1.018002523,0,0.699115044
1164,210572,1164,1.21288019,0,0.634241245
1165,210629,1165,0.787256124,0,0.782608696
1166,210846,1166,1.491212242,0,0.635
1167,210911,1167,0.757644488,0,0.734693878
1168,211072,1168,1.180977524,0,0.602836879
1169,211177,1169,1.919182567,0,0.526315789
1170,211266,1170,0.363831341,0,0.85915493
1171,211491,1171,1.345116621,0,0.522580645
1172,211556,1172,0.862316753,0,0.632653061
1173,211717,1173,0.318688541,0,0.892086331
1174,211870,1174,0.830405834,0,0.746268657
1175,211943,1175,0.387769579,0,0.88
1176,212056,1176,1.535030133,0,0.467391304
1177,212433,1177,1.230899827,0,0.700831025
1178,212506,1178,0.361952883,0,0.868852459
1179,212611,1179,0.785224064,0,0.702380952
1180,212748,1180,0.827269809,0,0.745901639
1181,212805,1181,0.689777435,0,0.675
1182,212926,1182,1.075850921,0,0.62244898
1183,213063,1183,0.790506477,0,0.769230769
1184,213584,1184,1.391034219,0,0.680808081
1185,213665,1185,0.717933263,0,0.788732394
1186,213714,1186,0.026676363,1,1
1187,213795,1187,0.789669327,0,0.75
1188,213892,1188,1.51262432,0,0.623529412
1189,214021,1189,0.968991999,0,0.72173913
1190,214102,1190,0.426563757,0,0.827586207
1191,214351,1191,1.095188731,0,0.658767773
1192,214512,1192,1.36636129,0,0.606896552
1193,214641,1193,1.07641069,0,0.616161616
1194,214850,1194,0.942271697,0,0.794871795
1195,215027,1195,1.023997225,0,0.696774194
1196,215116,1196,1.344185489,0,0.597222222
1197,215349,1197,1.03344361,0,0.726457399
1198,215438,1198,0.623480813,0,0.776119403
1199,215591,1199,1.000113241,0,0.732394366
1200,215664,1200,1.03292071,0,0.7
1201,216873,1201,1.735874808,0,0.586409396
1202,217154,1202,1.367447157,0,0.634328358
1203,217211,1203,0.973823894,0,0.641025641
1204,217564,1204,1.787226798,0,0.555232558
1205,217741,1205,0.905484567,0,0.755102041
1206,217782,1206,0.13022335,0,0.964285714
1207,217919,1207,1.682805251,0,0.491666667
1208,218024,1208,1.414992225,0,0.582417582
1209,218185,1209,1.477277114,0,0.6
1210,218386,1210,0.750301407,0,0.783068783
1211,218555,1211,0.951810385,0,0.709219858
1212,218652,1212,1.173467822,0,0.578313253
1213,218733,1213,0.370766846,0,0.857142857
1214,218830,1214,0.056163168,0,0.987341772
1215,218991,1215,1.238818438,0,0.655405405
1216,219032,1216,1.37113327,0,0.677419355
1217,219345,1217,0.810513247,0,0.772277228
1218,219474,1218,0.536886578,0,0.78
1219,219611,1219,1.202276836,0,0.674796748
1220,219852,1220,0.820470725,0,0.758139535
1221,219917,1221,0.757424683,0,0.818181818
1222,220326,1222,1.729600481,0,0.565104167
1223,220415,1223,0.806675077,0,0.726027397
1224,220512,1224,1.481690439,0,0.546666667
1225,220777,1225,1.222344438,0,0.603448276
1226,220850,1226,0.844953121,0,0.724137931
1227,220947,1227,0.720901212,0,0.721518987
1228,221020,1228,0.676486743,0,0.725490196
1229,221261,1229,1.194550832,0,0.647619048
1230,221350,1230,0.840692285,0,0.708333333
1231,221471,1231,1.325727213,0,0.651785714
1232,221880,1232,0.988810254,0,0.755102041
1233,222081,1233,1.049867116,0,0.697142857
1234,222242,1234,1.512652118,0,0.6
1235,222611,1235,1.567561838,0,0.56
1236,222876,1236,1.400343506,0,0.629032258
1237,223285,1237,1.457975759,0,0.607329843
1238,223758,1238,1.472711969,0,0.59602649
1239,223791,1239,0.025566364,1,1
1240,223912,1240,0.831486991,0,0.769911504
1241,224113,1241,1.391567524,0,0.607526882
1242,224186,1242,1.006877147,0,0.738461538
1243,224243,1243,1.032954885,0,0.611111111
1244,224676,1244,2.040333595,0,0.534117647
1245,224885,1245,1.313438583,0,0.614973262
1246,224942,1246,1.06320098,0,0.586956522
1247,225119,1247,1.710394738,0,0.5
1248,225320,1248,1.303702425,0,0.613756614
1249,225521,1249,0.990286392,0,0.742268041
1250,225658,1250,1.589032585,0,0.563492063
1251,226227,1251,1.112825949,0,0.688969259
1252,226500,1252,1.011283632,0,0.732
1253,226557,1253,0.596865777,0,0.677419355
1254,226662,1254,0.804192826,0,0.720930233
1255,227135,1255,0.947712829,0,0.728476821
1256,227224,1256,0.995026724,0,0.743589744
1257,227305,1257,1.234943046,0,0.553846154
1258,227554,1258,1.01029821,0,0.739130435
1259,227835,1259,0.936653974,0,0.737254902
1260,227972,1260,1.011610633,0,0.746153846
1261,228197,1261,1.362465851,0,0.623188406
1262,228494,1262,1.396020833,0,0.622302158
1263,228831,1263,1.525530116,0,0.571865443
1264,228968,1264,0.645921627,0,0.830508475
1265,229217,1265,1.399556414,0,0.643776824
1266,229378,1266,0.884445349,0,0.731034483
1267,229435,1267,0.918450991,0,0.659090909
1268,229476,1268,0.267718704,0,0.826086957
1269,229525,1269,0.782044501,0,0.71875
1270,229774,1270,1.071288188,0,0.729257642
1271,229927,1271,1.521891227,0,0.55
1272,230200,1272,1.311341804,0,0.648
1273,230369,1273,0.854278893,0,0.72519084
1274,230634,1274,1.356428271,0,0.661290323
1275,230947,1275,1.659452835,0,0.591362126
1276,231220,1276,1.155378892,0,0.689922481
1277,231309,1277,0.939399223,0,0.705128205
1278,231462,1278,1.345815419,0,0.617647059
1279,231767,1279,1.641451845,0,0.568493151
1280,232344,1280,1.597391319,0,0.638640429
1281,232465,1281,0.851054769,0,0.705882353
1282,232610,1282,0.488532461,0,0.850393701
1283,232771,1283,1.809019957,0,0.476510067
1284,232820,1284,0.538278102,0,0.842105263
1285,233085,1285,1.423691383,0,0.680933852
1286,233246,1286,1.266745205,0,0.598540146
1287,233535,1287,1.550789529,0,0.606617647
1288,233592,1288,1.101433843,0,0.568181818
1289,233697,1289,0.599411836,0,0.847058824
1290,234042,1290,1.790883795,0,0.546546547
1291,235395,1291,1.712208487,0,0.559970015
1292,235484,1292,0.789527037,0,0.792207792
1293,235733,1293,0.644732107,0,0.767326733
1294,235894,1294,1.445957595,0,0.673202614
1295,236151,1295,0.930531633,0,0.747863248
1296,236456,1296,1.133836016,0,0.665467626
1297,236673,1297,1.270681737,0,0.633663366
1298,236746,1298,0.593255205,0,0.740740741
1299,236787,1299,0.163207788,0,0.964285714
1300,237028,1300,0.691043122,0,0.795348837
1301,237109,1301,0.4591943,0,0.911764706
1302,237134,1302,0.057341059,1,1
1303,237599,1303,0.957499408,0,0.758389262
1304,237848,1304,0.914944685,0,0.728971963
1305,237929,1305,0.541508969,0,0.828125
1306,238066,1306,1.012440156,0,0.703389831
1307,238139,1307,0.572285007,0,0.810344828
1308,238284,1308,0.363329966,0,0.914728682
1309,238381,1309,1.043277269,0,0.705882353
1310,238598,1310,1.159736523,0,0.637254902
1311,239031,1311,1.105233705,0,0.729927007
1312,239328,1312,1.424908683,0,0.624113475
1313,239409,1313,0.011088349,1,1
1314,239474,1314,0.566452812,0,0.784313725
1315,239555,1315,0.142775559,0,0.948275862
1316,239828,1316,1.443869579,0,0.643410853
1317,239885,1317,0.298913241,0,0.926829268
1318,240086,1318,1.110063788,0,0.64021164
1319,240391,1319,1.358269662,0,0.659722222
1320,240496,1320,0.81935013,0,0.739130435
1321,240769,1321,0.79679368,0,0.776
1322,240834,1322,0.372242439,0,0.886792453
1323,240939,1323,0.621973133,0,0.790697674
1324,241076,1324,1.406902268,0,0.612903226
1325,241117,1325,0.040116481,1,1
1326,241206,1326,0.754686218,0,0.810810811
1327,241279,1327,0.354982063,0,0.857142857
1328,241536,1328,1.074971063,0,0.696035242
1329,241593,1329,0.781964592,0,0.75
1330,241674,1330,0.81626279,0,0.65
1331,241739,1331,0.254620738,0,0.923076923
1332,242052,1332,1.558967369,0,0.621262458
1333,242213,1333,0.583203219,0,0.794520548
1334,242534,1334,1.480644278,0,0.64495114
1335,242679,1335,0.891928476,0,0.753846154
1336,243152,1336,0.800187946,0,0.766004415
1337,243225,1337,0.696136761,0,0.769230769
1338,243410,1338,0.712556994,0,0.797468354
1339,243523,1339,0.539823704,0,0.804597701
1340,243812,1340,1.121334618,0,0.686567164
1341,244117,1341,1.127635126,0,0.692041522
1342,244358,1342,1.026069133,0,0.695238095
1343,244391,1343,0.039317765,0,0.956521739
1344,244536,1344,0.739619434,0,0.779527559
1345,244729,1345,0.425744148,0,0.863636364
1346,244786,1346,0.858941858,0,0.704545455
1347,244875,1347,0.122610884,0,0.971830986
1348,244948,1348,0.261674172,0,0.885245902
1349,245021,1349,0.125183296,0,0.983606557
1350,245182,1350,1.050492826,0,0.722972973
1351,245479,1351,1.256736894,0,0.654676259
1352,245720,1352,0.927451553,0,0.710280374
1353,245889,1353,0.737413195,0,0.737588652
1354,246042,1354,0.238989902,0,0.95
1355,246267,1355,1.202390123,0,0.676328502
1356,246412,1356,0.498415833,0,0.854961832
1357,246717,1357,1.027350553,0,0.701438849
1358,246958,1358,0.845478725,0,0.752212389
1359,247023,1359,0.189278122,0,0.918367347
1360,247432,1360,0.8737882,0,0.788265306
1361,247665,1361,1.523798781,0,0.605381166
1362,247850,1362,0.922303425,0,0.719298246
1363,248083,1363,1.917168373,0,0.537037037
1364,248236,1364,1.042664775,0,0.706293706
1365,248333,1365,0.748783759,0,0.724137931
1366,248494,1366,0.935941741,0,0.725352113
1367,248647,1367,0.802210878,0,0.781690141
1368,248864,1368,0.792010544,0,0.812182741
1369,249065,1369,0.816000752,0,0.783505155
1370,249106,1370,0.08290803,0,0.956521739
1371,249283,1371,0.742482415,0,0.768707483
1372,249436,1372,0.639070733,0,0.776119403
1373,249469,1373,0.012919567,1,1
1374,249518,1374,0.316817641,0,0.945945946
1375,249727,1375,1.030835581,0,0.709183673
1376,249920,1376,1.285007912,0,0.655737705
1377,250057,1377,0.543760937,0,0.814516129
1378,250266,1378,0.710902612,0,0.732919255
1379,250491,1379,1.63775065,0,0.531707317
1380,250964,1380,1.342046126,0,0.637969095
1381,251165,1381,0.946874934,0,0.691891892
1382,251438,1382,1.048257874,0,0.743295019
1383,251599,1383,0.128121269,0,0.985611511
1384,251808,1384,1.178777415,0,0.64321608
1385,251865,1385,0.398980994,0,0.868421053
1386,252026,1386,1.125288463,0,0.620437956
1387,252083,1387,0.550937445,0,0.75
1388,252204,1388,0.412875673,0,0.842105263
1389,252477,1389,1.303965454,0,0.647509579
1390,252574,1390,0.923204703,0,0.662650602
1391,253023,1391,1.046424262,0,0.700696056
1392,253184,1392,1.666279831,0,0.536912752
1393,253441,1393,0.737823013,0,0.799145299
1394,253530,1394,0.569800496,0,0.808219178
1395,253635,1395,0.715042028,0,0.755555556
1396,253708,1396,1.096612474,0,0.589285714
1397,253973,1397,1.26152977,0,0.608695652
1398,254094,1398,0.573170738,0,0.777777778
1399,254271,1399,0.982585499,0,0.68452381
1400,254448,1400,0.67604732,0,0.841176471
1401,254513,1401,0.453067202,0,0.87755102
1402,254786,1402,0.66120747,0,0.792682927
1403,254875,1403,0.752788056,0,0.769230769
1404,254996,1404,0.633376034,0,0.796460177
1405,255077,1405,0.765078024,0,0.709677419
1406,255150,1406,0.605556457,0,0.75862069
1407,255207,1407,0.413671867,0,0.85
1408,255432,1408,1.230610704,0,0.696261682
1409,255505,1409,0.797457626,0,0.783333333
1410,255858,1410,1.399820186,0,0.635258359
1411,256227,1411,0.779101102,0,0.764880952
1412,256308,1412,0.949990202,0,0.676470588
1413,256461,1413,1.155660302,0,0.617886179
1414,256710,1414,1.295324424,0,0.591743119
1415,256807,1415,0.033511011,1,1
1416,256888,1416,0.720527323,0,0.726027397
1417,256977,1417,0.864378559,0,0.708860759
1418,257098,1418,0.71533565,0,0.775700935
1419,257323,1419,1.203729337,0,0.580645161
1420,257428,1420,0.530895484,0,0.833333333
1421,257613,1421,1.043049771,0,0.735294118
1422,257702,1422,1.229055185,0,0.621621622
1423,258071,1423,1.011155176,0,0.753581662
1424,258264,1424,0.584742653,0,0.819277108
1425,258313,1425,0.007426564,1,1
1426,258426,1426,0.408336133,0,0.865168539
1427,258459,1427,0.096868533,1,1
1428,258876,1428,1.025118145,0,0.696517413
1429,259189,1429,0.748421936,0,0.802083333
1430,259494,1430,1.548905729,0,0.568493151
1431,259735,1431,0.900815001,0,0.757709251
1432,259944,1432,0.709046015,0,0.776595745
1433,260065,1433,1.051638573,0,0.669811321
1434,260314,1434,0.997098359,0,0.692982456
1435,260395,1435,0.280824237,0,0.836065574
1436,260644,1436,1.275399431,0,0.660869565
1437,260741,1437,0.269063507,0,0.905405405
1438,260774,1438,0.133884921,0,0.944444444
1439,260943,1439,0.31237359,0,0.92
1440,261200,1440,1.398725411,0,0.673553719
1441,261361,1441,0.534681326,0,0.826666667
1442,261402,1442,0.271822937,0,0.903225806
1443,261651,1443,1.264718917,0,0.682403433
1444,261868,1444,1.105829067,0,0.663366337
1445,261965,1445,0.440043724,0,0.858974359
1446,262070,1446,0.813440095,0,0.741935484
1447,262279,1447,1.027448865,0,0.738461538
1448,262384,1448,1.627340501,0,0.578947368
1449,262465,1449,0.427232989,0,0.887323944
1450,262522,1450,0.54234921,0,0.891304348
1451,262579,1451,0.354802242,0,0.869565217
1452,262668,1452,1.084155094,0,0.714285714
1453,262853,1453,1.325579155,0,0.634730539
1454,263006,1454,0.144419334,0,0.964539007
1455,263143,1455,0.628786042,0,0.836065574
1456,263192,1456,0.019343003,1,1
1457,263289,1457,1.13669094,0,0.729411765
1458,263434,1458,0.277910676,0,0.921259843
1459,263715,1459,1.188606843,0,0.638888889
1460,264284,1460,0.926365587,0,0.746835443
1461,264381,1461,0.888984724,0,0.75
1462,264718,1462,1.069621241,0,0.681388013
1463,264791,1463,0.647582667,0,0.705882353
1464,264904,1464,0.344955561,0,0.869565217
1465,264961,1465,0.248149907,0,0.857142857
1466,265258,1466,1.149115729,0,0.713235294
1467,265499,1467,0.827852672,0,0.788732394
1468,265628,1468,0.806936952,0,0.809090909
1469,265909,1469,0.774125519,0,0.814393939
1470,266006,1470,0.706466309,0,0.7625
1471,266079,1471,0.417132095,0,0.833333333
1472,266328,1472,0.741693545,0,0.75877193
1473,266865,1473,1.631834918,0,0.622137405
1474,267282,1474,1.064647506,0,0.750629723
1475,267547,1475,1.250361878,0,0.673387097
1476,267796,1476,0.898857046,0,0.752173913
1477,267877,1477,0.329588828,0,0.916666667
1478,267926,1478,0.283749503,0,0.947368421
1479,268063,1479,0.55982011,0,0.829059829
1480,268104,1480,0.66979091,0,0.727272727
1481,269313,1481,1.661171687,0,0.601510067
1482,269498,1482,0.774656418,0,0.781609195
1483,269875,1483,1.07491765,0,0.736842105
1484,270012,1484,0.494900933,0,0.86440678
1485,270141,1485,0.370821757,0,0.87
1486,270262,1486,0.584705145,0,0.831683168
1487,270391,1487,0.769447015,0,0.773109244
1488,270664,1488,1.037739698,0,0.724806202
1489,270817,1489,0.974649143,0,0.725352113
1490,270882,1490,0.502205445,0,0.816326531
1491,270995,1491,0.851190783,0,0.760416667
1492,271084,1492,1.070040197,0,0.666666667
1493,271493,1493,1.617969921,0,0.588541667
1494,271862,1494,1.436690729,0,0.594285714
1495,271895,1495,0.015613741,1,1
1496,272048,1496,0.066029546,0,0.985815603
1497,272209,1497,0.938766405,0,0.680851064
1498,272450,1498,0.556443286,0,0.855319149
1499,272627,1499,1.178880617,0,0.69047619
1500,272716,1500,0.623262448,0,0.794117647
1501,273005,1501,1.187472112,0,0.685393258
1502,273102,1502,0.021449511,1,1
1503,273247,1503,0.254826233,0,0.93129771
1504,273520,1504,1.245529484,0,0.666666667
1505,273593,1505,0.155992055,0,0.960784314
1506,273722,1506,0.882255886,0,0.676767677
1507,273827,1507,0.529362192,0,0.80952381
1508,273908,1508,0.961435442,0,0.707692308
1509,274037,1509,1.003814734,0,0.728070175
1510,274158,1510,0.733705245,0,0.688679245
1511,274735,1511,1.520361536,0,0.645796064
1512,274968,1512,0.84562358,0,0.753424658
1513,275105,1513,1.36897488,0,0.603174603
1514,275306,1514,0.838447327,0,0.768817204
1515,275467,1515,0.106322756,0,0.986013986
1516,275508,1516,0.096046118,1,1
1517,275581,1517,0.201593992,0,0.943396226
1518,275918,1518,1.433869289,0,0.587155963
1519,276039,1519,1.097067507,0,0.732142857
1520,276080,1520,0.077467919,0,0.956521739
1521,276425,1521,1.713111393,0,0.57957958
1522,276962,1522,1.044899849,0,0.715953307
1523,277211,1523,0.922925323,0,0.706161137
1524,277372,1524,0.744765854,0,0.765517241
1525,277469,1525,0.804278977,0,0.705128205
1526,277526,1526,0.75078819,0,0.791666667
1527,277591,1527,0.39046865,0,0.875
1528,277656,1528,0.878099688,0,0.679245283
1529,277849,1529,1.112562067,0,0.683333333
1530,277978,1530,0.709897051,0,0.791304348
1531,278075,1531,0.959654633,0,0.671052632
1532,278284,1532,1.331382518,0,0.67
1533,278421,1533,0.787294464,0,0.75
1534,278726,1534,1.225970862,0,0.664359862
1535,278823,1535,0.580258003,0,0.83908046
1536,279256,1536,1.882079299,0,0.569411765
1537,279401,1537,1.144712821,0,0.648
1538,279538,1538,1.230008257,0,0.648
1539,279739,1539,1.124189744,0,0.708333333
1540,279956,1540,0.605546425,0,0.842364532
1541,280029,1541,1.501837971,0,0.475409836
1542,280230,1542,1.037882285,0,0.681818182
1543,280367,1543,0.282541319,0,0.895652174
1544,280616,1544,0.510957336,0,0.826732673
1545,280825,1545,0.653327194,0,0.794285714
1546,280906,1546,0.594659923,0,0.8
1547,280963,1547,0.684861036,0,0.75
1548,281116,1548,0.919998686,0,0.758865248
1549,281397,1549,0.951774362,0,0.747081712
1550,281534,1550,0.919334799,0,0.701612903
1551,281575,1551,0.156631985,0,0.96875
1552,281888,1552,0.621129637,0,0.828382838
1553,282025,1553,0.826442298,0,0.730769231
1554,282106,1554,0.190699281,0,0.962962963
1555,282547,1555,1.461296368,0,0.579439252
1556,282636,1556,0.723673989,0,0.772151899
1557,282957,1557,1.527676351,0,0.61414791
1558,283134,1558,1.091559273,0,0.697530864
1559,283255,1559,1.265622094,0,0.697247706
1560,283368,1560,0.712183801,0,0.759615385
1561,283825,1561,1.271730601,0,0.657894737
1562,283954,1562,0.985693574,0,0.701754386
1563,284195,1563,1.123891835,0,0.677130045
1564,284372,1564,0.458999042,0,0.89375
1565,284525,1565,0.280955978,0,0.905109489
1566,284806,1566,1.189766035,0,0.686567164
1567,285015,1567,0.694651729,0,0.802083333
1568,285176,1568,1.223154526,0,0.651006711
1569,285465,1569,1.067056334,0,0.660583942
1570,285530,1570,0.549246638,0,0.905660377
1571,285587,1571,0.42477202,0,0.806451613
1572,285804,1572,1.245667817,0,0.695
1573,285909,1573,0.402599611,0,0.905882353
1574,285998,1574,0.72931747,0,0.726027397
1575,286175,1575,1.492529116,0,0.573170732
1576,286264,1576,0.615551268,0,0.736111111
1577,286833,1577,0.991528718,0,0.759425494
1578,288186,1578,1.677813002,0,0.571214393
1579,288435,1579,1.521884873,0,0.61965812
1580,288596,1580,1.317195922,0,0.68627451
1581,288773,1581,0.990857466,0,0.705521472
1582,289038,1582,1.324455819,0,0.704280156
1583,289327,1583,1.436072835,0,0.625
1584,289528,1584,1.062784775,0,0.717391304
1585,289721,1585,1.371624326,0,0.617977528
1586,289986,1586,1.042034114,0,0.672413793
1587,290347,1587,1.031714664,0,0.731778426
1588,290468,1588,0.633706827,0,0.81372549
1589,290669,1589,0.54107396,0,0.851851852
1590,290838,1590,0.721322828,0,0.763358779
1591,290935,1591,0.71532918,0,0.764705882
1592,291344,1592,1.322963264,0,0.670157068
1593,291521,1593,0.138145087,0,0.96969697
1594,291714,1594,0.80698241,0,0.751412429
1595,291995,1595,0.828139859,0,0.77254902
1596,292196,1596,1.308640885,0,0.593220339
1597,292245,1597,0.546123046,0,0.823529412
1598,292590,1598,1.129478529,0,0.658536585
1599,292639,1599,0.234474819,0,0.921052632
1600,292680,1600,0.04874007,1,1
1601,292737,1601,0.745944363,0,0.673913043
1602,292938,1602,1.200612517,0,0.634408602
1603,293251,1603,0.764767383,0,0.806122449
1604,293564,1604,0.95017668,0,0.737373737
1605,293589,1605,0.07190474,1,1
1606,293742,1606,1.190016799,0,0.676470588
1607,293847,1607,0.696903162,0,0.783505155
1608,294016,1608,0.362350496,0,0.919753086
1609,294193,1609,0.884682476,0,0.716129032
1610,294234,1610,0.377449363,0,0.9
1611,294411,1611,0.628127185,0,0.789808917
1612,294708,1612,0.921957346,0,0.75
1613,294845,1613,1.009989829,0,0.723076923
1614,295046,1614,0.778221909,0,0.805405405
1615,295159,1615,0.694692216,0,0.767676768
1616,295320,1616,1.375276403,0,0.602836879
1617,295409,1617,0.353900972,0,0.925373134
1618,295666,1618,1.424951308,0,0.607438017
1619,295931,1619,1.238901211,0,0.657258065
1620,296092,1620,1.312599548,0,0.659722222
1621,296141,1621,0.02614429,1,1
1622,296246,1622,1.257060536,0,0.612903226
1623,296279,1623,0.334797126,0,0.913043478
1624,296912,1624,1.228551973,0,0.71147541
1625,297081,1625,0.916515933,0,0.707482993
1626,297426,1626,1.0146068,0,0.714285714
1627,297467,1627,0.939543619,0,0.709677419
1628,297644,1628,0.784337873,0,0.75483871
1629,297797,1629,0.674097609,0,0.769784173
1630,297870,1630,0.261080301,0,0.918367347
1631,297991,1631,0.921538732,0,0.734693878
1632,298184,1632,0.895618642,0,0.789189189
1633,298289,1633,0.977734158,0,0.681318681
1634,298506,1634,0.520351733,0,0.873737374
1635,299027,1635,1.264077643,0,0.709090909
1636,299092,1636,0.438968119,0,0.890909091
1637,299253,1637,1.079937889,0,0.591240876
1638,299342,1638,0.065924097,0,0.985507246
1639,299487,1639,0.276214719,0,0.930769231
1640,299584,1640,0.098387255,0,0.987654321
1641,299625,1641,0.112323198,0,0.958333333
1642,299746,1642,0.287941573,0,0.908256881
1643,300083,1643,1.079369911,0,0.694968553
1644,300116,1644,0.03136299,1,1
1645,300181,1645,0.198752492,0,0.976190476
1646,300294,1646,0.948516822,0,0.666666667
1647,300631,1647,1.333963242,0,0.641744548
1648,300952,1648,1.061254369,0,0.741935484
1649,301033,1649,0.229125723,0,0.913793103
1650,301050,1650,0.047349371,1,1
1651,301187,1651,0.883643227,0,0.745614035
1652,301276,1652,0.611888521,0,0.766233766
1653,301437,1653,0.685499854,0,0.804347826
1654,301670,1654,0.840541648,0,0.771300448
1655,301759,1655,0.764753115,0,0.756410256
1656,301920,1656,0.108673284,0,0.985915493
1657,301969,1657,0.471853305,0,0.84375
1658,302042,1658,0.125956251,0,0.96
1659,302227,1659,0.540910788,0,0.83030303
1660,302420,1660,1.174008336,0,0.660818713
1661,302773,1661,1.687816989,0,0.581395349
1662,302854,1662,0.466387474,0,0.848484848
1663,302903,1663,0.006275932,1,1
1664,303128,1664,1.354375515,0,0.625592417
1665,303401,1665,1.064672312,0,0.719230769
1666,303490,1666,0.472751006,0,0.815789474
1667,303851,1667,1.006407029,0,0.71686747
1668,303908,1668,0.366407946,0,0.893617021
1669,304069,1669,1.270158104,0,0.606896552
1670,304246,1670,0.773551688,0,0.732919255
1671,304503,1671,1.02991272,0,0.696428571
1672,304784,1672,1.084904065,0,0.653696498
1673,304937,1673,1.396136354,0,0.624113475
1674,305098,1674,0.603404975,0,0.830882353
1675,305387,1675,1.53195302,0,0.595588235
1676,305468,1676,0.605484882,0,0.768115942
1677,305565,1677,1.258165048,0,0.586666667
1678,305702,1678,1.453675454,0,0.558333333
1679,305991,1679,1.317836921,0,0.652014652
1680,306248,1680,0.700974652,0,0.820512821
1681,306521,1681,1.186652418,0,0.668
1682,307010,1682,1.087550456,0,0.70575693
1683,307091,1683,1.215121553,0,0.594202899
1684,307244,1684,0.888032204,0,0.71969697
1685,307533,1685,1.176669871,0,0.678700361
1686,307686,1686,1.293217756,0,0.585714286
1687,307711,1687,0.032378042,1,1
1688,307792,1688,0.175333021,0,0.928571429
1689,307969,1689,1.119996042,0,0.7
1690,308066,1690,0.461960127,0,0.88
1691,308123,1691,0.19012621,0,0.952380952
1692,308236,1692,0.162557667,0,0.945652174
1693,308573,1693,1.066696881,0,0.693290735
1694,308822,1694,0.901884013,0,0.790393013
1695,308927,1695,0.65649405,0,0.761904762
1696,308984,1696,0.210574423,0,0.95
1697,309193,1697,1.032794544,0,0.734693878
1698,309666,1698,1.173670072,0,0.728850325
1699,309739,1699,0.57704203,0,0.779661017
1700,310012,1700,0.823719701,0,0.780487805
1701,310261,1701,1.750604611,0,0.579591837
1702,310318,1702,0.423995594,0,0.820512821
1703,310647,1703,0.834835074,0,0.791530945
1704,310752,1704,1.161154175,0,0.637362637
1705,310889,1705,0.957630805,0,0.723577236
1706,311090,1706,0.86544698,0,0.754285714
1707,311139,1707,0.270193749,0,0.916666667
1708,311276,1708,0.848832542,0,0.712962963
1709,311373,1709,0.453889903,0,0.835443038
1710,311430,1710,0.236951498,0,0.958333333
1711,311623,1711,1.181373202,0,0.681318681
1712,311784,1712,0.11054432,0,0.97972973
1713,311897,1713,1.275189316,0,0.532608696
1714,312170,1714,0.794023636,0,0.737451737
1715,312427,1715,0.93411367,0,0.713709677
1716,312700,1716,1.449850672,0,0.631147541
1717,312853,1717,1.043272434,0,0.692307692
1718,313014,1718,1.229622816,0,0.612903226
1719,313111,1719,0.290485836,0,0.821428571
1720,313272,1720,1.109580372,0,0.668965517
1721,313473,1721,1.003106281,0,0.748691099
1722,313682,1722,1.164919163,0,0.64171123
1723,314419,1723,1.533468082,0,0.574927954
1724,314732,1724,1.390972117,0,0.633333333
1725,314941,1725,0.766751915,0,0.820512821
1726,315038,1726,0.014878261,1,1
1727,315127,1727,0.367577517,0,0.878378378
1728,315240,1728,0.381171482,0,0.875
1729,315297,1729,0.750663296,0,0.743589744
1730,315506,1730,0.801582106,0,0.793969849
1731,315627,1731,0.425904779,0,0.790697674
1732,315716,1732,0.528061587,0,0.818181818
1733,315773,1733,0.668745427,0,0.772727273
1734,316046,1734,1.333607773,0,0.666666667